Year,Lag1,Lag2,Lag3,Lag4,Lag5,Direction
1990,0.816,1.572,-3.936,-0.229,-3.484,Down
1990,-0.27,0.816,1.572,-3.936,-0.229,Down
1990,-2.576,-0.27,0.816,1.572,-3.936,Up
1990,3.514,-2.576,-0.27,0.816,1.572,Up
1990,0.712,3.514,-2.576,-0.27,0.816,Up
1990,1.178,0.712,3.514,-2.576,-0.27,Down
1990,-1.372,1.178,0.712,3.514,-2.576,Up
1990,0.807,-1.372,1.178,0.712,3.514,Up
1990,0.041,0.807,-1.372,1.178,0.712,Up
1990,1.253,0.041,0.807,-1.372,1.178,Down
1990,-2.678,1.253,0.041,0.807,-1.372,Down
1990,-1.793,-2.678,1.253,0.041,0.807,Up
1990,2.82,-1.793,-2.678,1.253,0.041,Up
1990,4.022,2.82,-1.793,-2.678,1.253,Up
1990,0.75,4.022,2.82,-1.793,-2.678,Down
1990,-0.017,0.75,4.022,2.82,-1.793,Up
1990,2.42,-0.017,0.75,4.022,2.82,Down
1990,-1.225,2.42,-0.017,0.75,4.022,Up
1990,1.171,-1.225,2.42,-0.017,0.75,Down
1990,-2.061,1.171,-1.225,2.42,-0.017,Up
1990,0.729,-2.061,1.171,-1.225,2.42,Up
1990,0.112,0.729,-2.061,1.171,-1.225,Up
1990,2.48,0.112,0.729,-2.061,1.171,Down
1990,-1.552,2.48,0.112,0.729,-2.061,Down
1990,-2.259,-1.552,2.48,0.112,0.729,Down
1990,-2.428,-2.259,-1.552,2.48,0.112,Down
1990,-2.708,-2.428,-2.259,-1.552,2.48,Down
1990,-2.292,-2.708,-2.428,-2.259,-1.552,Down
1990,-4.978,-2.292,-2.708,-2.428,-2.259,Up
1990,3.547,-4.978,-2.292,-2.708,-2.428,Up
1990,0.26,3.547,-4.978,-2.292,-2.708,Down
1990,-2.032,0.26,3.547,-4.978,-2.292,Down
1990,-1.739,-2.032,0.26,3.547,-4.978,Down
1990,-1.693,-1.739,-2.032,0.26,3.547,Up
1990,1.781,-1.693,-1.739,-2.032,0.26,Down
1990,-3.682,1.781,-1.693,-1.739,-2.032,Up
1990,4.15,-3.682,1.781,-1.693,-1.739,Down
1990,-2.487,4.15,-3.682,1.781,-1.693,Up
1990,2.343,-2.487,4.15,-3.682,1.781,Up
1990,0.606,2.343,-2.487,4.15,-3.682,Up
1990,1.077,0.606,2.343,-2.487,4.15,Down
1990,-0.637,1.077,0.606,2.343,-2.487,Up
1990,2.26,-0.637,1.077,0.606,2.343,Up
1990,1.716,2.26,-0.637,1.077,0.606,Down
1990,-0.284,1.716,2.26,-0.637,1.077,Up
1990,1.508,-0.284,1.716,2.26,-0.637,Down
1990,-0.913,1.508,-0.284,1.716,2.26,Down
1991,-2.349,-0.913,1.508,-0.284,1.716,Down
1991,-1.798,-2.349,-0.913,1.508,-0.284,Up
1991,5.393,-1.798,-2.349,-0.913,1.508,Up
1991,1.156,5.393,-1.798,-2.349,-0.913,Up
1991,2.077,1.156,5.393,-1.798,-2.349,Up
1991,4.751,2.077,1.156,5.393,-1.798,Up
1991,2.702,4.751,2.077,1.156,5.393,Down
1991,-0.924,2.702,4.751,2.077,1.156,Up
1991,1.318,-0.924,2.702,4.751,2.077,Up
1991,1.209,1.318,-0.924,2.702,4.751,Down
1991,-0.363,1.209,1.318,-0.924,2.702,Down
1991,-1.635,-0.363,1.209,1.318,-0.924,Up
1991,2.106,-1.635,-0.363,1.209,1.318,Up
1991,0.037,2.106,-1.635,-0.363,1.209,Up
1991,1.343,0.037,2.106,-1.635,-0.363,Up
1991,0.999,1.343,0.037,2.106,-1.635,Down
1991,-1.348,0.999,1.343,0.037,2.106,Up
1991,0.47,-1.348,0.999,1.343,0.037,Down
1991,-1.329,0.47,-1.348,0.999,1.343,Down
1991,-0.892,-1.329,0.47,-1.348,0.999,Up
1991,1.37,-0.892,-1.329,0.47,-1.348,Up
1991,3.269,1.37,-0.892,-1.329,0.47,Down
1991,-2.668,3.269,1.37,-0.892,-1.329,Up
1991,0.754,-2.668,3.269,1.37,-0.892,Down
1991,-1.188,0.754,-2.668,3.269,1.37,Down
1991,-1.745,-1.188,0.754,-2.668,3.269,Up
1991,0.787,-1.745,-1.188,0.754,-2.668,Up
1991,1.649,0.787,-1.745,-1.188,0.754,Up
1991,1.044,1.649,0.787,-1.745,-1.188,Down
1991,-0.856,1.044,1.649,0.787,-1.745,Up
1991,1.641,-0.856,1.044,1.649,0.787,Down
1991,-0.015,1.641,-0.856,1.044,1.649,Down
1991,-0.398,-0.015,1.641,-0.856,1.044,Up
1991,2.228,-0.398,-0.015,1.641,-0.856,Up
1991,0.32,2.228,-0.398,-0.015,1.641,Down
1991,-1.601,0.32,2.228,-0.398,-0.015,Down
1991,-1.416,-1.601,0.32,2.228,-0.398,Up
1991,1.129,-1.416,-1.601,0.32,2.228,Down
1991,-0.521,1.129,-1.416,-1.601,0.32,Down
1991,-1.205,-0.521,1.129,-1.416,-1.601,Up
1991,0.052,-1.205,-0.521,1.129,-1.416,Up
1991,2.897,0.052,-1.205,-0.521,1.129,Down
1991,-2.115,2.897,0.052,-1.205,-0.521,Up
1991,1.853,-2.115,2.897,0.052,-1.205,Up
1991,0.401,1.853,-2.115,2.897,0.052,Down
1991,-2.614,0.401,1.853,-2.115,2.897,Down
1991,-1.694,-2.614,0.401,1.853,-2.115,Down
1991,-0.245,-1.694,-2.614,0.401,1.853,Up
1991,1.034,-0.245,-1.694,-2.614,0.401,Up
1991,1.417,1.034,-0.245,-1.694,-2.614,Up
1991,0.668,1.417,1.034,-0.245,-1.694,Up
1991,5.018,0.668,1.417,1.034,-0.245,Up
1992,3.169,5.018,0.668,1.417,1.034,Down
1992,-1.011,3.169,5.018,0.668,1.417,Up
1992,0.906,-1.011,3.169,5.018,0.668,Down
1992,-0.807,0.906,-1.011,3.169,5.018,Down
1992,-1.613,-0.807,0.906,-1.011,3.169,Up
1992,0.565,-1.613,-0.807,0.906,-1.011,Up
1992,0.338,0.565,-1.613,-0.807,0.906,Down
1992,-0.255,0.338,0.565,-1.613,-0.807,Up
1992,0.309,-0.255,0.338,0.565,-1.613,Down
1992,-2.001,0.309,-0.255,0.338,0.565,Up
1992,0.346,-2.001,0.309,-0.255,0.338,Up
1992,1.345,0.346,-2.001,0.309,-0.255,Down
1992,-1.896,1.345,0.346,-2.001,0.309,Down
1992,-0.483,-1.896,1.345,0.346,-2.001,Up
1992,0.682,-0.483,-1.896,1.345,0.346,Up
1992,2.906,0.682,-0.483,-1.896,1.345,Down
1992,-1.687,2.906,0.682,-0.483,-1.896,Up
1992,0.858,-1.687,2.906,0.682,-0.483,Up
1992,0.853,0.858,-1.687,2.906,0.682,Down
1992,-1.433,0.853,0.858,-1.687,2.906,Up
1992,0.958,-1.433,0.853,0.858,-1.687,Up
1992,0.321,0.958,-1.433,0.853,0.858,Down
1992,-0.45,0.321,0.958,-1.433,0.853,Down
1992,-0.9,-0.45,0.321,0.958,-1.433,Down
1992,-1.486,-0.9,-0.45,0.321,0.958,Down
1992,-0.054,-1.486,-0.9,-0.45,0.321,Up
1992,2.062,-0.054,-1.486,-0.9,-0.45,Up
1992,0.692,2.062,-0.054,-1.486,-0.9,Up
1992,0.241,0.692,2.062,-0.054,-1.486,Down
1992,-0.967,0.241,0.692,2.062,-0.054,Up
1992,3.064,-0.967,0.241,0.692,2.062,Down
1992,-1.256,3.064,-0.967,0.241,0.692,Up
1992,0.246,-1.256,3.064,-0.967,0.241,Down
1992,-1.205,0.246,-1.256,3.064,-0.967,Down
1992,-0.002,-1.205,0.246,-1.256,3.064,Up
1992,0.54,-0.002,-1.205,0.246,-1.256,Up
1992,0.599,0.54,-0.002,-1.205,0.246,Up
1992,0.798,0.599,0.54,-0.002,-1.205,Down
1992,-2.029,0.798,0.599,0.54,-0.002,Down
1992,-0.936,-2.029,0.798,0.599,0.54,Down
1992,-1.903,-0.936,-2.029,0.798,0.599,Up
1992,2.253,-1.903,-0.936,-2.029,0.798,Up
1992,0.576,2.253,-1.903,-0.936,-2.029,Up
1992,1.106,0.576,2.253,-1.903,-0.936,Down
1992,-0.263,1.106,0.576,2.253,-1.903,Up
1992,1.161,-0.263,1.106,0.576,2.253,Up
1992,0.999,1.161,-0.263,1.106,0.576,Up
1992,0.823,0.999,1.161,-0.263,1.106,Up
1992,0.442,0.823,0.999,1.161,-0.263,Up
1992,0.387,0.442,0.823,0.999,1.161,Up
1992,1.741,0.387,0.442,0.823,0.999,Down
1992,-0.342,1.741,0.387,0.442,0.823,Down
1993,-0.923,-0.342,1.741,0.387,0.442,Down
1993,-1.529,-0.923,-0.342,1.741,0.387,Up
1993,1.888,-1.529,-0.923,-0.342,1.741,Down
1993,-0.238,1.888,-1.529,-0.923,-0.342,Up
1993,0.612,-0.238,1.888,-1.529,-0.923,Up
1993,2.313,0.612,-0.238,1.888,-1.529,Down
1993,-0.969,2.313,0.612,-0.238,1.888,Down
1993,-2.33,-0.969,2.313,0.612,-0.238,Up
1993,2.11,-2.33,-0.969,2.313,0.612,Up
1993,0.616,2.11,-2.33,-0.969,2.313,Up
1993,0.834,0.616,2.11,-2.33,-0.969,Up
1993,0.078,0.834,0.616,2.11,-2.33,Down
1993,-0.533,0.078,0.834,0.616,2.11,Down
1993,-1.427,-0.533,0.078,0.834,0.616,Up
1993,0.102,-1.427,-0.533,0.078,0.834,Up
1993,1.607,0.102,-1.427,-0.533,0.078,Down
1993,-2.653,1.607,0.102,-1.427,-0.533,Up
1993,0.723,-2.653,1.607,0.102,-1.427,Up
1993,0.482,0.723,-2.653,1.607,0.102,Down
1993,-0.622,0.482,0.723,-2.653,1.607,Up
1993,1.429,-0.622,0.482,0.723,-2.653,Up
1993,0.976,1.429,-0.622,0.482,0.723,Down
1993,-0.029,0.976,1.429,-0.622,0.482,Down
1993,-0.622,-0.029,0.976,1.429,-0.622,Down
1993,-0.8,-0.622,-0.029,0.976,1.429,Up
1993,0.884,-0.8,-0.622,-0.029,0.976,Down
1993,-0.393,0.884,-0.8,-0.622,-0.029,Up
1993,0.509,-0.393,0.884,-0.8,-0.622,Down
1993,-0.527,0.509,-0.393,0.884,-0.8,Up
1993,0.303,-0.527,0.509,-0.393,0.884,Up
1993,0.23,0.303,-0.527,0.509,-0.393,Up
1993,0.123,0.23,0.303,-0.527,0.509,Up
1993,0.325,0.123,0.23,0.303,-0.527,Up
1993,1.337,0.325,0.123,0.23,0.303,Up
1993,0.96,1.337,0.325,0.123,0.23,Up
1993,0.174,0.96,1.337,0.325,0.123,Up
1993,0.082,0.174,0.96,1.337,0.325,Down
1993,-0.626,0.082,0.174,0.96,1.337,Down
1993,-0.262,-0.626,0.082,0.174,0.96,Up
1993,0.798,-0.262,-0.626,0.082,0.174,Down
1993,-0.21,0.798,-0.262,-0.626,0.082,Up
1993,1.996,-0.21,0.798,-0.262,-0.626,Down
1993,-1.327,1.996,-0.21,0.798,-0.262,Up
1993,0.984,-1.327,1.996,-0.21,0.798,Down
1993,-1.766,0.984,-1.327,1.996,-0.21,Up
1993,1.266,-1.766,0.984,-1.327,1.996,Down
1993,-0.599,1.266,-1.766,0.984,-1.327,Up
1993,0.099,-0.599,1.266,-1.766,0.984,Up
1993,0.395,0.099,-0.599,1.266,-1.766,Down
1993,-0.207,0.395,0.099,-0.599,1.266,Up
1993,0.528,-0.207,0.395,0.099,-0.599,Up
1993,0.214,0.528,-0.207,0.395,0.099,Down
1994,-0.199,0.214,0.528,-0.207,0.395,Up
1994,0.74,-0.199,0.214,0.528,-0.207,Up
1994,1.066,0.74,-0.199,0.214,0.528,Down
1994,-0.04,1.066,0.74,-0.199,0.214,Up
1994,0.838,-0.04,1.066,0.74,-0.199,Down
1994,-1.857,0.838,-0.04,1.066,0.74,Up
1994,0.079,-1.857,0.838,-0.04,1.066,Down
1994,-0.53,0.079,-1.857,0.838,-0.04,Down
1994,-0.346,-0.53,0.079,-1.857,0.838,Down
1994,-0.285,-0.346,-0.53,0.079,-1.857,Up
1994,0.366,-0.285,-0.346,-0.53,0.079,Up
1994,0.99,0.366,-0.285,-0.346,-0.53,Down
1994,-2.225,0.99,0.366,-0.285,-0.346,Down
1994,-3.216,-2.225,0.99,0.366,-0.285,Up
1994,0.298,-3.216,-2.225,0.99,0.366,Down
1994,-0.206,0.298,-3.216,-2.225,0.99,Up
1994,0.325,-0.206,0.298,-3.216,-2.225,Up
1994,0.733,0.325,-0.206,0.298,-3.216,Down
1994,-0.685,0.733,0.325,-0.206,0.298,Down
1994,-0.822,-0.685,0.733,0.325,-0.206,Up
1994,2.427,-0.822,-0.685,0.733,0.325,Up
1994,0.53,2.427,-0.822,-0.685,0.733,Up
1994,0.612,0.53,2.427,-0.822,-0.685,Down
1994,-0.317,0.612,0.53,2.427,-0.822,Down
1994,-0.048,-0.317,0.612,0.53,2.427,Down
1994,-3.414,-0.048,-0.317,0.612,0.53,Up
1994,0.768,-3.414,-0.048,-0.317,0.612,Up
1994,0.751,0.768,-3.414,-0.048,-0.317,Up
1994,1.025,0.751,0.768,-3.414,-0.048,Down
1994,-0.231,1.025,0.751,0.768,-3.414,Up
1994,1.137,-0.231,1.025,0.751,0.768,Down
1994,-0.255,1.137,-0.231,1.025,0.751,Up
1994,1.061,-0.255,1.137,-0.231,1.025,Up
1994,0.377,1.061,-0.255,1.137,-0.231,Up
1994,2.183,0.377,1.061,-0.255,1.137,Down
1994,-0.593,2.183,0.377,1.061,-0.255,Down
1994,-0.597,-0.593,2.183,0.377,1.061,Up
1994,0.643,-0.597,-0.593,2.183,0.377,Down
1994,-2.445,0.643,-0.597,-0.593,2.183,Up
1994,0.661,-2.445,0.643,-0.597,-0.593,Down
1994,-1.645,0.661,-2.445,0.643,-0.597,Up
1994,3.076,-1.645,0.661,-2.445,0.643,Down
1994,-0.897,3.076,-1.645,0.661,-2.445,Up
1994,1.91,-0.897,3.076,-1.645,0.661,Down
1994,-2.425,1.91,-0.897,3.076,-1.645,Up
1994,0.015,-2.425,1.91,-0.897,3.076,Down
1994,-0.19,0.015,-2.425,1.91,-0.897,Down
1994,-1.989,-0.19,0.015,-2.425,1.91,Up
1994,0.223,-1.989,-0.19,0.015,-2.425,Down
1994,-1.399,0.223,-1.989,-0.19,0.015,Up
1994,2.649,-1.399,0.223,-1.989,-0.19,Up
1994,0.224,2.649,-1.399,0.223,-1.989,Down
1995,-0.122,0.224,2.649,-1.399,0.223,Up
1995,0.307,-0.122,0.224,2.649,-1.399,Up
1995,1.148,0.307,-0.122,0.224,2.649,Down
1995,-0.255,1.148,0.307,-0.122,0.224,Up
1995,1.207,-0.255,1.148,0.307,-0.122,Up
1995,1.756,1.207,-0.255,1.148,0.307,Up
1995,0.587,1.756,1.207,-0.255,1.148,Up
1995,0.106,0.587,1.756,1.207,-0.255,Up
1995,1.274,0.106,0.587,1.756,1.207,Down
1995,-0.551,1.274,0.106,0.587,1.756,Up
1995,0.855,-0.551,1.274,0.106,0.587,Up
1995,1.215,0.855,-0.551,1.274,0.106,Up
1995,1.1,1.215,0.855,-0.551,1.274,Down
1995,-0.052,1.1,1.215,0.855,-0.551,Up
1995,1.14,-0.052,1.1,1.215,0.855,Up
1995,0.555,1.14,-0.052,1.1,1.215,Down
1995,-0.145,0.555,1.14,-0.052,1.1,Up
1995,1.223,-0.145,0.555,1.14,-0.052,Up
1995,1.051,1.223,-0.145,0.555,1.14,Up
1995,1.044,1.051,1.223,-0.145,0.555,Down
1995,-1.21,1.044,1.051,1.223,-0.145,Up
1995,0.859,-1.21,1.044,1.051,1.223,Up
1995,1.692,0.859,-1.21,1.044,1.051,Down
1995,-0.858,1.692,0.859,-1.21,1.044,Up
1995,2.252,-0.858,1.692,0.859,-1.21,Up
1995,1.83,2.252,-0.858,1.692,0.859,Down
1995,-0.902,1.83,2.252,-0.858,1.692,Up
1995,2.133,-0.902,1.83,2.252,-0.858,Up
1995,0.633,2.133,-0.902,1.83,2.252,Down
1995,-1.12,0.633,2.133,-0.902,1.83,Up
1995,1.682,-1.12,0.633,2.133,-0.902,Down
1995,-0.709,1.682,-1.12,0.633,2.133,Down
1995,-0.685,-0.709,1.682,-1.12,0.633,Up
1995,0.739,-0.685,-0.709,1.682,-1.12,Up
1995,0.159,0.739,-0.685,-0.709,1.682,Up
1995,0.668,0.159,0.739,-0.685,-0.709,Up
1995,1.568,0.668,0.159,0.739,-0.685,Up
1995,1.863,1.568,0.668,0.159,0.739,Down
1995,-0.278,1.863,1.568,0.668,0.159,Up
1995,0.461,-0.278,1.863,1.568,0.668,Down
1995,-0.329,0.461,-0.278,1.863,1.568,Up
1995,0.345,-0.329,0.461,-0.278,1.863,Up
1995,0.506,0.345,-0.329,0.461,-0.278,Down
1995,-1.321,0.506,0.345,-0.329,0.461,Up
1995,1.875,-1.321,0.506,0.345,-0.329,Up
1995,0.364,1.875,-1.321,0.506,0.345,Up
1995,1.24,0.364,1.875,-1.321,0.506,Down
1995,-0.017,1.24,0.364,1.875,-1.321,Up
1995,1.168,-0.017,1.24,0.364,1.875,Up
1995,1.73,1.168,-0.017,1.24,0.364,Down
1995,-0.185,1.73,1.168,-0.017,1.24,Down
1995,-0.712,-0.185,1.73,1.168,-0.017,Up
1996,0.65,-0.712,-0.185,1.73,1.168,Up
1996,0.127,0.65,-0.712,-0.185,1.73,Down
1996,-2.416,0.127,0.65,-0.712,-0.185,Up
1996,1.665,-2.416,0.127,0.65,-0.712,Up
1996,1.6,1.665,-2.416,0.127,0.65,Up
1996,2.288,1.6,1.665,-2.416,0.127,Up
1996,3.229,2.288,1.6,1.665,-2.416,Down
1996,-1.278,3.229,2.288,1.6,1.665,Up
1996,1.713,-1.278,3.229,2.288,1.6,Down
1996,-2.232,1.713,-1.278,3.229,2.288,Down
1996,-1.687,-2.232,1.713,-1.278,3.229,Up
1996,1.252,-1.687,-2.232,1.713,-1.278,Up
1996,1.433,1.252,-1.687,-2.232,1.713,Down
1996,-0.787,1.433,1.252,-1.687,-2.232,Up
1996,1.605,-0.787,1.433,1.252,-1.687,Down
1996,-2.92,1.605,-0.787,1.433,1.252,Up
1996,1.313,-2.92,1.605,-0.787,1.433,Up
1996,1.301,1.313,-2.92,1.605,-0.787,Down
1996,-1.81,1.301,1.313,-2.92,1.605,Up
1996,1.63,-1.81,1.301,1.313,-2.92,Up
1996,2.579,1.63,-1.81,1.301,1.313,Up
1996,1.435,2.579,1.63,-1.81,1.301,Down
1996,-1.384,1.435,2.579,1.63,-1.81,Up
1996,0.626,-1.384,1.435,2.579,1.63,Down
1996,-1.108,0.626,-1.384,1.435,2.579,Up
1996,0.149,-1.108,0.626,-1.384,1.435,Up
1996,0.568,0.149,-1.108,0.626,-1.384,Down
1996,-1.967,0.568,0.149,-1.108,0.626,Down
1996,-1.711,-1.967,0.568,0.149,-1.108,Down
1996,-1.154,-1.711,-1.967,0.568,0.149,Down
1996,-0.443,-1.154,-1.711,-1.967,0.568,Up
1996,4.181,-0.443,-1.154,-1.711,-1.967,Down
1996,-0.059,4.181,-0.443,-1.154,-1.711,Up
1996,0.47,-0.059,4.181,-0.443,-1.154,Up
1996,0.274,0.47,-0.059,4.181,-0.443,Down
1996,-2.255,0.274,0.47,-0.059,4.181,Up
1996,0.566,-2.255,0.274,0.47,-0.059,Up
1996,3.791,0.566,-2.255,0.274,0.47,Up
1996,0.954,3.791,0.566,-2.255,0.274,Down
1996,-0.122,0.954,3.791,0.566,-2.255,Up
1996,2.225,-0.122,0.954,3.791,0.566,Down
1996,-0.114,2.225,-0.122,0.954,3.791,Up
1996,1.45,-0.114,2.225,-0.122,0.954,Down
1996,-1.393,1.45,-0.114,2.225,-0.122,Up
1996,0.407,-1.393,1.45,-0.114,2.225,Up
1996,3.844,0.407,-1.393,1.45,-0.114,Up
1996,0.93,3.844,0.407,-1.393,1.45,Up
1996,1.506,0.93,3.844,0.407,-1.393,Up
1996,1.107,1.506,0.93,3.844,0.407,Down
1996,-2.301,1.107,1.506,0.93,3.844,Down
1996,-1.482,-2.301,1.107,1.506,0.93,Up
1996,2.776,-1.482,-2.301,1.107,1.506,Up
1996,1.058,2.776,-1.482,-2.301,1.107,Down
1997,-1.158,1.058,2.776,-1.482,-2.301,Up
1997,1.533,-1.158,1.058,2.776,-1.482,Up
1997,2.195,1.533,-1.158,1.058,2.776,Down
1997,-0.728,2.195,1.533,-1.158,1.058,Up
1997,2.03,-0.728,2.195,1.533,-1.158,Up
1997,0.432,2.03,-0.728,2.195,1.533,Up
1997,2.396,0.432,2.03,-0.728,2.195,Down
1997,-0.83,2.396,0.432,2.03,-0.728,Down
1997,-1.366,-0.83,2.396,0.432,2.03,Up
1997,1.789,-1.366,-0.83,2.396,0.432,Down
1997,-1.466,1.789,-1.366,-0.83,2.396,Down
1997,-1.144,-1.466,1.789,-1.366,-0.83,Down
1997,-1.303,-1.144,-1.466,1.789,-1.366,Down
1997,-2.065,-1.303,-1.144,-1.466,1.789,Down
1997,-2.672,-2.065,-1.303,-1.144,-1.466,Up
1997,3.889,-2.672,-2.065,-1.303,-1.144,Down
1997,-0.127,3.889,-2.672,-2.065,-1.303,Up
1997,6.219,-0.127,3.889,-2.672,-2.065,Up
1997,1.453,6.219,-0.127,3.889,-2.672,Up
1997,0.603,1.453,6.219,-0.127,3.889,Up
1997,2.083,0.603,1.453,6.219,-0.127,Up
1997,0.148,2.083,0.603,1.453,6.219,Up
1997,1.147,0.148,2.083,0.603,1.453,Up
1997,4.11,1.147,0.148,2.083,0.603,Up
1997,0.608,4.11,1.147,0.148,2.083,Down
1997,-1.268,0.608,4.11,1.147,0.148,Up
1997,3.338,-1.268,0.608,4.11,1.147,Down
1997,-0.026,3.338,-1.268,0.608,4.11,Down
1997,-0.151,-0.026,3.338,-1.268,0.608,Up
1997,2.566,-0.151,-0.026,3.338,-1.268,Up
1997,0.889,2.566,-0.151,-0.026,3.338,Down
1997,-1.436,0.889,2.566,-0.151,-0.026,Down
1997,-3.506,-1.436,0.889,2.566,-0.151,Up
1997,2.523,-3.506,-1.436,0.889,2.566,Down
1997,-2.606,2.523,-3.506,-1.436,0.889,Up
1997,3.289,-2.606,2.523,-3.506,-1.436,Down
1997,-0.553,3.289,-2.606,2.523,-3.506,Up
1997,2.879,-0.553,3.289,-2.606,2.523,Down
1997,-0.557,2.879,-0.553,3.289,-2.606,Up
1997,2.096,-0.557,2.879,-0.553,3.289,Up
1997,0.202,2.096,-0.557,2.879,-0.553,Down
1997,-2.36,0.202,2.096,-0.557,2.879,Down
1997,-0.267,-2.36,0.202,2.096,-0.557,Down
1997,-2.869,-0.267,-2.36,0.202,2.096,Up
1997,1.409,-2.869,-0.267,-2.36,0.202,Up
1997,0.091,1.409,-2.869,-0.267,-2.36,Up
1997,3.742,0.091,1.409,-2.869,-0.267,Down
1997,-0.798,3.742,0.091,1.409,-2.869,Up
1997,2.972,-0.798,3.742,0.091,1.409,Down
1997,-3.09,2.972,-0.798,3.742,0.091,Down
1997,-0.693,-3.09,2.972,-0.798,3.742,Down
1997,-1.09,-0.693,-3.09,2.972,-0.798,Up
1998,4.12,-1.09,-0.693,-3.09,2.972,Down
1998,-4.856,4.12,-1.09,-0.693,-3.09,Up
1998,3.646,-4.856,4.12,-1.09,-0.693,Down
1998,-0.408,3.646,-4.856,4.12,-1.09,Up
1998,2.369,-0.408,3.646,-4.856,4.12,Up
1998,3.283,2.369,-0.408,3.646,-4.856,Up
1998,0.754,3.283,2.369,-0.408,3.646,Up
1998,1.384,0.754,3.283,2.369,-0.408,Up
1998,1.463,1.384,0.754,3.283,2.369,Up
1998,0.605,1.463,1.384,0.754,3.283,Up
1998,1.224,0.605,1.463,1.384,0.754,Up
1998,2.859,1.224,0.605,1.463,1.384,Down
1998,-0.338,2.859,1.224,0.605,1.463,Up
1998,2.488,-0.338,2.859,1.224,0.605,Down
1998,-1.072,2.488,-0.338,2.859,1.224,Up
1998,1.085,-1.072,2.488,-0.338,2.859,Down
1998,-1.32,1.085,-1.072,2.488,-0.338,Up
1998,1.182,-1.32,1.085,-1.072,2.488,Down
1998,-1.147,1.182,-1.32,1.085,-1.072,Up
1998,0.053,-1.147,1.182,-1.32,1.085,Up
1998,0.157,0.053,-1.147,1.182,-1.32,Down
1998,-1.77,0.157,0.053,-1.147,1.182,Up
1998,2.112,-1.77,0.157,0.053,-1.147,Down
1998,-1.348,2.112,-1.77,0.157,0.053,Up
1998,0.165,-1.348,2.112,-1.77,0.157,Up
1998,2.957,0.165,-1.348,2.112,-1.77,Up
1998,1.167,2.957,0.165,-1.348,2.112,Up
1998,1.562,1.167,2.957,0.165,-1.348,Up
1998,1.926,1.562,1.167,2.957,0.165,Down
1998,-3.872,1.926,1.562,1.167,2.957,Down
1998,-1.765,-3.872,1.926,1.562,1.167,Down
1998,-2.786,-1.765,-3.872,1.926,1.562,Down
1998,-2.451,-2.786,-1.765,-3.872,1.926,Up
1998,1.74,-2.451,-2.786,-1.765,-3.872,Down
1998,-5.004,1.74,-2.451,-2.786,-1.765,Down
1998,-5.184,-5.004,1.74,-2.451,-2.786,Up
1998,3.611,-5.184,-5.004,1.74,-2.451,Up
1998,1.093,3.611,-5.184,-5.004,1.74,Up
1998,2.417,1.093,3.611,-5.184,-5.004,Down
1998,-4.034,2.417,1.093,3.611,-5.184,Down
1998,-1.816,-4.034,2.417,1.093,3.611,Up
1998,7.317,-1.816,-4.034,2.417,1.093,Up
1998,1.349,7.317,-1.816,-4.034,2.417,Up
1998,2.615,1.349,7.317,-1.816,-4.034,Up
1998,3.854,2.615,1.349,7.317,-1.816,Down
1998,-1.34,3.854,2.615,1.349,7.317,Up
1998,3.361,-1.34,3.854,2.615,1.349,Up
1998,2.473,3.361,-1.34,3.854,2.615,Down
1998,-1.308,2.473,3.361,-1.34,3.854,Down
1998,-0.874,-1.308,2.473,3.361,-1.34,Up
1998,1.849,-0.874,-1.308,2.473,3.361,Up
1998,3.219,1.849,-0.874,-1.308,2.473,Up
1999,0.241,3.219,1.849,-0.874,-1.308,Up
1999,3.731,0.241,3.219,1.849,-0.874,Down
1999,-2.496,3.731,0.241,3.219,1.849,Down
1999,-1.453,-2.496,3.731,0.241,3.219,Up
1999,4.444,-1.453,-2.496,3.731,0.241,Down
1999,-3.145,4.444,-1.453,-2.496,3.731,Down
1999,-0.748,-3.145,4.444,-1.453,-2.496,Up
1999,0.739,-0.748,-3.145,4.444,-1.453,Down
1999,-0.072,0.739,-0.748,-3.145,4.444,Up
1999,2.999,-0.072,0.739,-0.748,-3.145,Up
1999,1.499,2.999,-0.072,0.739,-0.748,Up
1999,0.363,1.499,2.999,-0.072,0.739,Down
1999,-1.269,0.363,1.499,2.999,-0.072,Up
1999,0.851,-1.269,0.363,1.499,2.999,Up
1999,4.223,0.851,-1.269,0.363,1.499,Down
1999,-2.177,4.223,0.851,-1.269,0.363,Up
1999,2.87,-2.177,4.223,0.851,-1.269,Down
1999,-1.597,2.87,-2.177,4.223,0.851,Up
1999,0.735,-1.597,2.87,-2.177,4.223,Down
1999,-0.535,0.735,-1.597,2.87,-2.177,Down
1999,-0.561,-0.535,0.735,-1.597,2.87,Down
1999,-2.139,-0.561,-0.535,0.735,-1.597,Up
1999,1.99,-2.139,-0.561,-0.535,0.735,Down
1999,-2.569,1.99,-2.139,-0.561,-0.535,Up
1999,3.803,-2.569,1.99,-2.139,-0.561,Down
1999,-2.05,3.803,-2.569,1.99,-2.139,Up
1999,5.771,-2.05,3.803,-2.569,1.99,Up
1999,0.867,5.771,-2.05,3.803,-2.569,Up
1999,1.105,0.867,5.771,-2.05,3.803,Down
1999,-4.359,1.105,0.867,5.771,-2.05,Down
1999,-2.08,-4.359,1.105,0.867,5.771,Down
1999,-2.14,-2.08,-4.359,1.105,0.867,Up
1999,2.106,-2.14,-2.08,-4.359,1.105,Up
1999,0.673,2.106,-2.14,-2.08,-4.359,Up
1999,0.872,0.673,2.106,-2.14,-2.08,Up
1999,0.665,0.872,0.673,2.106,-2.14,Down
1999,-0.411,0.665,0.872,0.673,2.106,Down
1999,-1.201,-0.411,0.665,0.872,0.673,Down
1999,-4.348,-1.201,-0.411,0.665,0.872,Up
1999,0.427,-4.348,-1.201,-0.411,0.665,Up
1999,4.148,0.427,-4.348,-1.201,-0.411,Down
1999,-6.632,4.148,0.427,-4.348,-1.201,Up
1999,4.348,-6.632,4.148,0.427,-4.348,Up
1999,4.708,4.348,-6.632,4.148,0.427,Up
1999,0.536,4.708,4.348,-6.632,4.148,Up
1999,1.885,0.536,4.708,4.348,-6.632,Up
1999,1.858,1.885,0.536,4.708,4.348,Down
1999,-0.378,1.858,1.885,0.536,4.708,Up
1999,1.177,-0.378,1.858,1.885,0.536,Down
1999,-1.134,1.177,-0.378,1.858,1.885,Up
1999,0.282,-1.134,1.177,-0.378,1.858,Up
1999,2.626,0.282,-1.134,1.177,-0.378,Up
2000,0.748,2.626,0.282,-1.134,1.177,Down
2000,-1.891,0.748,2.626,0.282,-1.134,Up
2000,1.643,-1.891,0.748,2.626,0.282,Down
2000,-1.624,1.643,-1.891,0.748,2.626,Down
2000,-5.634,-1.624,1.643,-1.891,0.748,Up
2000,4.721,-5.634,-1.624,1.643,-1.891,Down
2000,-2.615,4.721,-5.634,-1.624,1.643,Down
2000,-2.958,-2.615,4.721,-5.634,-1.624,Down
2000,-0.946,-2.958,-2.615,4.721,-5.634,Up
2000,5.686,-0.946,-2.958,-2.615,4.721,Down
2000,-1.001,5.686,-0.946,-2.958,-2.615,Up
2000,4.975,-1.001,5.686,-0.946,-2.958,Up
2000,4.301,4.975,-1.001,5.686,-0.946,Down
2000,-1.891,4.301,4.975,-1.001,5.686,Up
2000,1.186,-1.891,4.301,4.975,-1.001,Down
2000,-10.538,1.186,-1.891,4.301,4.975,Up
2000,5.748,-10.538,1.186,-1.891,4.301,Up
2000,1.247,5.748,-10.538,1.186,-1.891,Down
2000,-1.363,1.247,5.748,-10.538,1.186,Down
2000,-0.815,-1.363,1.247,5.748,-10.538,Down
2000,-0.986,-0.815,-1.363,1.247,5.748,Down
2000,-2.056,-0.986,-0.815,-1.363,1.247,Up
2000,7.202,-2.056,-0.986,-0.815,-1.363,Down
2000,-1.375,7.202,-2.056,-0.986,-0.815,Up
2000,0.515,-1.375,7.202,-2.056,-0.986,Down
2000,-1.569,0.515,-1.375,7.202,-2.056,Up
2000,0.91,-1.569,0.515,-1.375,7.202,Up
2000,1.671,0.91,-1.569,0.515,-1.375,Up
2000,2.102,1.671,0.91,-1.569,0.515,Down
2000,-1.973,2.102,1.671,0.91,-1.569,Down
2000,-4.074,-1.973,2.102,1.671,0.91,Up
2000,3.031,-4.074,-1.973,2.102,1.671,Up
2000,0.609,3.031,-4.074,-1.973,2.102,Up
2000,1.351,0.609,3.031,-4.074,-1.973,Up
2000,0.987,1.351,0.609,3.031,-4.074,Up
2000,0.951,0.987,1.351,0.609,3.031,Down
2000,-1.727,0.951,0.987,1.351,0.609,Down
2000,-1.92,-1.727,0.951,0.987,1.351,Down
2000,-1.166,-1.92,-1.727,0.951,0.987,Down
2000,-0.843,-1.166,-1.92,-1.727,0.951,Down
2000,-1.916,-0.843,-1.166,-1.92,-1.727,Down
2000,-2.471,-1.916,-0.843,-1.166,-1.92,Up
2000,1.656,-2.471,-1.916,-0.843,-1.166,Down
2000,-1.242,1.656,-2.471,-1.916,-0.843,Up
2000,3.415,-1.242,1.656,-2.471,-1.916,Down
2000,-4.255,3.415,-1.242,1.656,-2.471,Up
2000,0.127,-4.255,3.415,-1.242,1.656,Down
2000,-1.897,0.127,-4.255,3.415,-1.242,Down
2000,-1.978,-1.897,0.127,-4.255,3.415,Up
2000,4.156,-1.978,-1.897,0.127,-4.255,Down
2000,-4.215,4.156,-1.978,-1.897,0.127,Down
2000,-0.473,-4.215,4.156,-1.978,-1.897,Up
2001,1.097,-0.473,-4.215,4.156,-1.978,Down
2001,-1.661,1.097,-0.473,-4.215,4.156,Up
2001,1.556,-1.661,1.097,-0.473,-4.215,Up
2001,1.819,1.556,-1.661,1.097,-0.473,Up
2001,0.924,1.819,1.556,-1.661,1.097,Down
2001,-0.404,0.924,1.819,1.556,-1.661,Down
2001,-2.572,-0.404,0.924,1.819,1.556,Down
2001,-1.006,-2.572,-0.404,0.924,1.819,Down
2001,-4.277,-1.006,-2.572,-0.404,0.924,Down
2001,-0.938,-4.277,-1.006,-2.572,-0.404,Down
2001,-0.062,-0.938,-4.277,-1.006,-2.572,Down
2001,-6.72,-0.062,-0.938,-4.277,-1.006,Down
2001,-0.93,-6.72,-0.062,-0.938,-4.277,Up
2001,1.799,-0.93,-6.72,-0.062,-0.938,Down
2001,-2.749,1.799,-0.93,-6.72,-0.062,Up
2001,4.88,-2.749,1.799,-0.93,-6.72,Up
2001,5.026,4.88,-2.749,1.799,-0.93,Up
2001,0.81,5.026,4.88,-2.749,1.799,Up
2001,1.082,0.81,5.026,4.88,-2.749,Down
2001,-1.653,1.082,0.81,5.026,4.88,Up
2001,3.716,-1.653,1.082,0.81,5.026,Down
2001,-1.089,3.716,-1.653,1.082,0.81,Down
2001,-1.348,-1.089,3.716,-1.653,1.082,Up
2001,0.34,-1.348,-1.089,3.716,-1.653,Down
2001,-4,0.34,-1.348,-1.089,3.716,Up
2001,0.905,-4,0.34,-1.348,-1.089,Down
2001,-0.079,0.905,-4,0.34,-1.348,Down
2001,-2.76,-0.079,0.905,-4,0.34,Up
2001,2.107,-2.76,-0.079,0.905,-4,Down
2001,-0.397,2.107,-2.76,-0.079,0.905,Down
2001,-0.415,-0.397,2.107,-2.76,-0.079,Up
2001,0.707,-0.415,-0.397,2.107,-2.76,Down
2001,-1.992,0.707,-0.415,-0.397,2.107,Down
2001,-2.369,-1.992,0.707,-0.415,-0.397,Up
2001,1.976,-2.369,-1.992,0.707,-0.415,Down
2001,-4.334,1.976,-2.369,-1.992,0.707,Down
2001,-4.217,-4.334,1.976,-2.369,-1.992,Down
2001,-11.05,-4.217,-4.334,1.976,-2.369,Up
2001,7.78,-11.05,-4.217,-4.334,1.976,Up
2001,2.924,7.78,-11.05,-4.217,-4.334,Up
2001,1.892,2.924,7.78,-11.05,-4.217,Down
2001,-1.664,1.892,2.924,7.78,-11.05,Up
2001,2.9,-1.664,1.892,2.924,7.78,Down
2001,-1.576,2.9,-1.664,1.892,2.924,Up
2001,3.045,-1.576,2.9,-1.664,1.892,Up
2001,1.637,3.045,-1.576,2.9,-1.664,Up
2001,1.027,1.637,3.045,-1.576,2.9,Down
2001,-0.947,1.027,1.637,3.045,-1.576,Up
2001,1.655,-0.947,1.027,1.637,3.045,Down
2001,-3.041,1.655,-0.947,1.027,1.637,Up
2001,1.941,-3.041,1.655,-0.947,1.027,Up
2001,1.409,1.941,-3.041,1.655,-0.947,Up
2002,0.99,1.409,1.941,-3.041,1.655,Down
2002,-2.295,0.99,1.409,1.941,-3.041,Down
2002,-1.573,-2.295,0.99,1.409,1.941,Up
2002,0.506,-1.573,-2.295,0.99,1.409,Down
2002,-0.978,0.506,-1.573,-2.295,0.99,Down
2002,-2.315,-0.978,0.506,-1.573,-2.295,Up
2002,0.726,-2.315,-0.978,0.506,-1.573,Down
2002,-1.299,0.726,-2.315,-0.978,0.506,Up
2002,3.848,-1.299,0.726,-2.315,-0.978,Up
2002,2.874,3.848,-1.299,0.726,-2.315,Up
2002,0.159,2.874,3.848,-1.299,0.726,Down
2002,-1.497,0.159,2.874,3.848,-1.299,Down
2002,-0.114,-1.497,0.159,2.874,3.848,Down
2002,-2.149,-0.114,-1.497,0.159,2.874,Down
2002,-1.044,-2.149,-0.114,-1.497,0.159,Up
2002,1.275,-1.044,-2.149,-0.114,-1.497,Down
2002,-4.342,1.275,-1.044,-2.149,-0.114,Down
2002,-0.269,-4.342,1.275,-1.044,-2.149,Down
2002,-1.718,-0.269,-4.342,1.275,-1.044,Up
2002,4.891,-1.718,-0.269,-4.342,1.275,Down
2002,-2.058,4.891,-1.718,-0.269,-4.342,Down
2002,-1.539,-2.058,4.891,-1.718,-0.269,Down
2002,-3.712,-1.539,-2.058,4.891,-1.718,Down
2002,-1.972,-3.712,-1.539,-2.058,4.891,Down
2002,-1.8,-1.972,-3.712,-1.539,-2.058,Up
2002,0.069,-1.8,-1.972,-3.712,-1.539,Down
2002,-0.08,0.069,-1.8,-1.972,-3.712,Down
2002,-6.839,-0.08,0.069,-1.8,-1.972,Down
2002,-7.992,-6.839,-0.08,0.069,-1.8,Up
2002,0.6,-7.992,-6.839,-0.08,0.069,Up
2002,1.337,0.6,-7.992,-6.839,-0.08,Up
2002,5.137,1.337,0.6,-7.992,-6.839,Up
2002,2.215,5.137,1.337,0.6,-7.992,Up
2002,1.302,2.215,5.137,1.337,0.6,Down
2002,-2.635,1.302,2.215,5.137,1.337,Down
2002,-2.418,-2.635,1.302,2.215,5.137,Down
2002,-0.46,-2.418,-2.635,1.302,2.215,Down
2002,-4.992,-0.46,-2.418,-2.635,1.302,Down
2002,-2.132,-4.992,-0.46,-2.418,-2.635,Down
2002,-3.238,-2.132,-4.992,-0.46,-2.418,Up
2002,4.339,-3.238,-2.132,-4.992,-0.46,Up
2002,5.874,4.339,-3.238,-2.132,-4.992,Up
2002,1.499,5.874,4.339,-3.238,-2.132,Up
2002,0.369,1.499,5.874,4.339,-3.238,Down
2002,-0.69,0.369,1.499,5.874,4.339,Up
2002,1.687,-0.69,0.369,1.499,5.874,Up
2002,2.277,1.687,-0.69,0.369,1.499,Up
2002,0.619,2.277,1.687,-0.69,0.369,Down
2002,-2.572,0.619,2.277,1.687,-0.69,Down
2002,-2.494,-2.572,0.619,2.277,1.687,Up
2002,0.706,-2.494,-2.572,0.619,2.277,Down
2002,-2.273,0.706,-2.494,-2.572,0.619,Up
2003,3.791,-2.273,0.706,-2.494,-2.572,Up
2003,2.089,3.791,-2.273,0.706,-2.494,Down
2003,-2.78,2.089,3.791,-2.273,0.706,Down
2003,-4.478,-2.78,2.089,3.791,-2.273,Down
2003,-0.662,-4.478,-2.78,2.089,3.791,Down
2003,-3.04,-0.662,-4.478,-2.78,2.089,Up
2003,0.627,-3.04,-0.662,-4.478,-2.78,Up
2003,1.591,0.627,-3.04,-0.662,-4.478,Down
2003,-0.828,1.591,0.627,-3.04,-0.662,Down
2003,-1.458,-0.828,1.591,0.627,-3.04,Up
2003,0.528,-1.458,-0.828,1.591,0.627,Up
2003,7.503,0.528,-1.458,-0.828,1.591,Down
2003,-3.605,7.503,0.528,-1.458,-0.828,Up
2003,1.778,-3.605,7.503,0.528,-1.458,Down
2003,-1.2,1.778,-3.605,7.503,0.528,Up
2003,2.911,-1.2,1.778,-3.605,7.503,Up
2003,0.585,2.911,-1.2,1.778,-3.605,Up
2003,3.479,0.585,2.911,-1.2,1.778,Up
2003,0.358,3.479,0.585,2.911,-1.2,Up
2003,1.167,0.358,3.479,0.585,2.911,Down
2003,-1.173,1.167,0.358,3.479,0.585,Up
2003,3.254,-1.173,1.167,0.358,3.479,Up
2003,2.508,3.254,-1.173,1.167,0.358,Up
2003,0.086,2.508,3.254,-1.173,1.167,Up
2003,0.716,0.086,2.508,3.254,-1.173,Down
2003,-1.955,0.716,0.086,2.508,3.254,Up
2003,0.971,-1.955,0.716,0.086,2.508,Up
2003,1.262,0.971,-1.955,0.716,0.086,Down
2003,-0.483,1.262,0.971,-1.955,0.716,Up
2003,0.54,-0.483,1.262,0.971,-1.955,Down
2003,-1.855,0.54,-0.483,1.262,0.971,Down
2003,-0.261,-1.855,0.54,-0.483,1.262,Up
2003,1.338,-0.261,-1.855,0.54,-0.483,Up
2003,0.241,1.338,-0.261,-1.855,0.54,Up
2003,1.505,0.241,1.338,-0.261,-1.855,Up
2003,1.327,1.505,0.241,1.338,-0.261,Down
2003,-0.27,1.327,1.505,0.241,1.338,Up
2003,1.735,-0.27,1.327,1.505,0.241,Down
2003,-3.807,1.735,-0.27,1.327,1.505,Up
2003,3.31,-3.807,1.735,-0.27,1.327,Up
2003,0.797,3.31,-3.807,1.735,-0.27,Up
2003,0.121,0.797,3.31,-3.807,1.735,Down
2003,-1.002,0.121,0.797,3.31,-3.807,Up
2003,2.119,-1.002,0.121,0.797,3.31,Up
2003,0.238,2.119,-1.002,0.121,0.797,Down
2003,-0.272,0.238,2.119,-1.002,0.121,Down
2003,-1.435,-0.272,0.238,2.119,-1.002,Up
2003,2.214,-1.435,-0.272,0.238,2.119,Up
2003,0.312,2.214,-1.435,-0.272,0.238,Up
2003,1.191,0.312,2.214,-1.435,-0.272,Up
2003,1.352,1.191,0.312,2.214,-1.435,Up
2003,0.664,1.352,1.191,0.312,2.214,Up
2004,1.149,0.664,1.352,1.191,0.312,Up
2004,1.207,1.149,0.664,1.352,1.191,Up
2004,1.602,1.207,1.149,0.664,1.352,Up
2004,0.151,1.602,1.207,1.149,0.664,Down
2004,-0.913,0.151,1.602,1.207,1.149,Up
2004,1.028,-0.913,0.151,1.602,1.207,Up
2004,0.267,1.028,-0.913,0.151,1.602,Down
2004,-0.148,0.267,1.028,-0.913,0.151,Up
2004,0.073,-0.148,0.267,1.028,-0.913,Up
2004,1.041,0.073,-0.148,0.267,1.028,Down
2004,-3.137,1.041,0.073,-0.148,0.267,Down
2004,-0.963,-3.137,1.041,0.073,-0.148,Down
2004,-0.155,-0.963,-3.137,1.041,0.073,Up
2004,3.046,-0.155,-0.963,-3.137,1.041,Down
2004,-0.218,3.046,-0.155,-0.963,-3.137,Down
2004,-0.413,-0.218,3.046,-0.155,-0.963,Up
2004,0.528,-0.413,-0.218,3.046,-0.155,Down
2004,-2.92,0.528,-0.413,-0.218,3.046,Down
2004,-0.777,-2.92,0.528,-0.413,-0.218,Down
2004,-0.273,-0.777,-2.92,0.528,-0.413,Down
2004,-0.195,-0.273,-0.777,-2.92,0.528,Up
2004,2.48,-0.195,-0.273,-0.777,-2.92,Up
2004,0.162,2.48,-0.195,-0.273,-0.777,Up
2004,1.245,0.162,2.48,-0.195,-0.273,Down
2004,-0.128,1.245,0.162,2.48,-0.195,Down
2004,-0.052,-0.128,1.245,0.162,2.48,Down
2004,-0.798,-0.052,-0.128,1.245,0.162,Down
2004,-1.117,-0.798,-0.052,-0.128,1.245,Down
2004,-1.026,-1.117,-0.798,-0.052,-0.128,Down
2004,-1.379,-1.026,-1.117,-0.798,-0.052,Up
2004,1.429,-1.379,-1.026,-1.117,-0.798,Down
2004,-3.426,1.429,-1.379,-1.026,-1.117,Up
2004,0.078,-3.426,1.429,-1.379,-1.026,Up
2004,3.151,0.078,-3.426,1.429,-1.379,Up
2004,0.858,3.151,0.078,-3.426,1.429,Up
2004,0.529,0.858,3.151,0.078,-3.426,Up
2004,0.924,0.529,0.858,3.151,0.078,Up
2004,0.412,0.924,0.529,0.858,3.151,Down
2004,-1.634,0.412,0.924,0.529,0.858,Up
2004,1.927,-1.634,0.412,0.924,0.529,Down
2004,-0.827,1.927,-1.634,0.412,0.924,Down
2004,-1.242,-0.827,1.927,-1.634,0.412,Down
2004,-1.124,-1.242,-0.827,1.927,-1.634,Up
2004,3.145,-1.124,-1.242,-0.827,1.927,Up
2004,3.183,3.145,-1.124,-1.242,-0.827,Up
2004,1.544,3.183,3.145,-1.124,-1.242,Down
2004,-1.168,1.544,3.183,3.145,-1.124,Up
2004,1.052,-1.168,1.544,3.183,3.145,Up
2004,0.72,1.052,-1.168,1.544,3.183,Down
2004,-0.266,0.72,1.052,-1.168,1.544,Up
2004,0.522,-0.266,0.72,1.052,-1.168,Up
2004,1.334,0.522,-0.266,0.72,1.052,Up
2005,0.148,1.334,0.522,-0.266,0.72,Down
2005,-2.123,0.148,1.334,0.522,-0.266,Down
2005,-0.141,-2.123,0.148,1.334,0.522,Down
2005,-1.406,-0.141,-2.123,0.148,1.334,Up
2005,0.299,-1.406,-0.141,-2.123,0.148,Up
2005,2.704,0.299,-1.406,-0.141,-2.123,Up
2005,0.189,2.704,0.299,-1.406,-0.141,Down
2005,-0.308,0.189,2.704,0.299,-1.406,Up
2005,0.814,-0.308,0.189,2.704,0.299,Up
2005,0.887,0.814,-0.308,0.189,2.704,Down
2005,-1.803,0.887,0.814,-0.308,0.189,Down
2005,-0.869,-1.803,0.887,0.814,-0.308,Down
2005,-1.532,-0.869,-1.803,0.887,0.814,Up
2005,0.128,-1.532,-0.869,-1.803,0.887,Up
2005,0.706,0.128,-1.532,-0.869,-1.803,Down
2005,-3.266,0.706,0.128,-1.532,-0.869,Up
2005,0.831,-3.266,0.706,0.128,-1.532,Up
2005,0.411,0.831,-3.266,0.706,0.128,Up
2005,1.253,0.411,0.831,-3.266,0.706,Down
2005,-1.477,1.253,0.411,0.831,-3.266,Up
2005,3.053,-1.477,1.253,0.411,0.831,Up
2005,0.799,3.053,-1.477,1.253,0.411,Down
2005,-0.23,0.799,3.053,-1.477,1.253,Up
2005,0.175,-0.23,0.799,3.053,-1.477,Up
2005,1.573,0.175,-0.23,0.799,3.053,Down
2005,-2.086,1.573,0.175,-0.23,0.799,Up
2005,0.241,-2.086,1.573,0.175,-0.23,Up
2005,1.458,0.241,-2.086,1.573,0.175,Up
2005,1.325,1.458,0.241,-2.086,1.573,Up
2005,0.469,1.325,1.458,0.241,-2.086,Up
2005,0.041,0.469,1.325,1.458,0.241,Down
2005,-0.629,0.041,0.469,1.325,1.458,Up
2005,0.324,-0.629,0.041,0.469,1.325,Down
2005,-0.868,0.324,-0.629,0.041,0.469,Down
2005,-1.198,-0.868,0.324,-0.629,0.041,Up
2005,1.072,-1.198,-0.868,0.324,-0.629,Up
2005,1.926,1.072,-1.198,-0.868,0.324,Down
2005,-0.288,1.926,1.072,-1.198,-0.868,Down
2005,-1.827,-0.288,1.926,1.072,-1.198,Up
2005,1.112,-1.827,-0.288,1.926,1.072,Down
2005,-2.678,1.112,-1.827,-0.288,1.926,Down
2005,-0.78,-2.678,1.112,-1.827,-0.288,Down
2005,-0.588,-0.78,-2.678,1.112,-1.827,Up
2005,1.595,-0.588,-0.78,-2.678,1.112,Up
2005,1.813,1.595,-0.588,-0.78,-2.678,Up
2005,1.195,1.813,1.595,-0.588,-0.78,Up
2005,1.097,1.195,1.813,1.595,-0.588,Up
2005,1.601,1.097,1.195,1.813,1.595,Down
2005,-0.25,1.601,1.097,1.195,1.813,Down
2005,-0.451,-0.25,1.601,1.097,1.195,Up
2005,0.631,-0.451,-0.25,1.601,1.097,Up
2005,0.106,0.631,-0.451,-0.25,1.601,Down
2006,-1.606,0.106,0.631,-0.451,-0.25,Up
2006,2.977,-1.606,0.106,0.631,-0.451,Up
2006,0.168,2.977,-1.606,0.106,0.631,Down
2006,-2.029,0.168,2.977,-1.606,0.106,Up
2006,1.762,-2.029,0.168,2.977,-1.606,Down
2006,-1.534,1.762,-2.029,0.168,2.977,Up
2006,0.234,-1.534,1.762,-2.029,0.168,Up
2006,1.598,0.234,-1.534,1.762,-2.029,Up
2006,0.17,1.598,0.234,-1.534,1.762,Down
2006,-0.171,0.17,1.598,0.234,-1.534,Down
2006,-0.451,-0.171,0.17,1.598,0.234,Up
2006,2.016,-0.451,-0.171,0.17,1.598,Down
2006,-0.329,2.016,-0.451,-0.171,0.17,Down
2006,-0.62,-0.329,2.016,-0.451,-0.171,Up
2006,0.049,-0.62,-0.329,2.016,-0.451,Down
2006,-0.492,0.049,-0.62,-0.329,2.016,Up
2006,1.719,-0.492,0.049,-0.62,-0.329,Down
2006,-0.051,1.719,-0.492,0.049,-0.62,Up
2006,1.156,-0.051,1.719,-0.492,0.049,Down
2006,-2.604,1.156,-0.051,1.719,-0.492,Down
2006,-1.875,-2.604,1.156,-0.051,1.719,Up
2006,1.036,-1.875,-2.604,1.156,-0.051,Up
2006,0.63,1.036,-1.875,-2.604,1.156,Down
2006,-2.788,0.63,1.036,-1.875,-2.604,Down
2006,-0.061,-2.788,0.63,1.036,-1.875,Down
2006,-0.563,-0.061,-2.788,0.63,1.036,Up
2006,2.065,-0.563,-0.061,-2.788,0.63,Down
2006,-0.372,2.065,-0.563,-0.061,-2.788,Down
2006,-2.314,-0.372,2.065,-0.563,-0.061,Up
2006,0.331,-2.314,-0.372,2.065,-0.563,Up
2006,3.085,0.331,-2.314,-0.372,2.065,Up
2006,0.063,3.085,0.331,-2.314,-0.372,Down
2006,-0.986,0.063,3.085,0.331,-2.314,Up
2006,2.807,-0.986,0.063,3.085,0.331,Down
2006,-0.554,2.807,-0.986,0.063,3.085,Up
2006,1.229,-0.554,2.807,-0.986,0.063,Down
2006,-0.922,1.229,-0.554,2.807,-0.986,Up
2006,1.597,-0.922,1.229,-0.554,2.807,Down
2006,-0.37,1.597,-0.922,1.229,-0.554,Up
2006,1.603,-0.37,1.597,-0.922,1.229,Up
2006,1.029,1.603,-0.37,1.597,-0.922,Up
2006,1.188,1.029,1.603,-0.37,1.597,Up
2006,0.218,1.188,1.029,1.603,-0.37,Up
2006,0.639,0.218,1.188,1.029,1.603,Down
2006,-0.947,0.639,0.218,1.188,1.029,Up
2006,1.217,-0.947,0.639,0.218,1.188,Up
2006,1.47,1.217,-0.947,0.639,0.218,Down
2006,-0.018,1.47,1.217,-0.947,0.639,Down
2006,-0.303,-0.018,1.47,1.217,-0.947,Up
2006,0.94,-0.303,-0.018,1.47,1.217,Up
2006,1.224,0.94,-0.303,-0.018,1.47,Down
2006,-1.144,1.224,0.94,-0.303,-0.018,Up
2007,0.534,-1.144,1.224,0.94,-0.303,Down
2007,-0.606,0.534,-1.144,1.224,0.94,Up
2007,1.491,-0.606,0.534,-1.144,1.224,Down
2007,-0.016,1.491,-0.606,0.534,-1.144,Down
2007,-0.582,-0.016,1.491,-0.606,0.534,Up
2007,1.843,-0.582,-0.016,1.491,-0.606,Down
2007,-0.713,1.843,-0.582,-0.016,1.491,Up
2007,1.216,-0.713,1.843,-0.582,-0.016,Down
2007,-0.299,1.216,-0.713,1.843,-0.582,Down
2007,-4.412,-0.299,1.216,-0.713,1.843,Up
2007,1.13,-4.412,-0.299,1.216,-0.713,Down
2007,-1.133,1.13,-4.412,-0.299,1.216,Up
2007,3.544,-1.133,1.13,-4.412,-0.299,Down
2007,-1.062,3.544,-1.133,1.13,-4.412,Up
2007,1.612,-1.062,3.544,-1.133,1.13,Up
2007,0.63,1.612,-1.062,3.544,-1.133,Up
2007,2.168,0.63,1.612,-1.062,3.544,Up
2007,0.655,2.168,0.63,1.612,-1.062,Up
2007,0.773,0.655,2.168,0.63,1.612,Up
2007,0.015,0.773,0.655,2.168,0.63,Up
2007,1.122,0.015,0.773,0.655,2.168,Down
2007,-0.461,1.122,0.015,0.773,0.655,Up
2007,1.36,-0.461,1.122,0.015,0.773,Down
2007,-1.866,1.36,-0.461,1.122,0.015,Up
2007,1.674,-1.866,1.36,-0.461,1.122,Down
2007,-1.98,1.674,-1.866,1.36,-0.461,Up
2007,0.053,-1.98,1.674,-1.866,1.36,Up
2007,1.802,0.053,-1.98,1.674,-1.866,Up
2007,1.441,1.802,0.053,-1.98,1.674,Down
2007,-1.185,1.441,1.802,0.053,-1.98,Down
2007,-4.899,-1.185,1.441,1.802,0.053,Down
2007,-1.775,-4.899,-1.185,1.441,1.802,Up
2007,1.436,-1.775,-4.899,-1.185,1.441,Down
2007,-0.53,1.436,-1.775,-4.899,-1.185,Up
2007,2.312,-0.53,1.436,-1.775,-4.899,Down
2007,-0.364,2.312,-0.53,1.436,-1.775,Down
2007,-1.387,-0.364,2.312,-0.53,1.436,Up
2007,2.112,-1.387,-0.364,2.312,-0.53,Up
2007,2.796,2.112,-1.387,-0.364,2.312,Up
2007,0.066,2.796,2.112,-1.387,-0.364,Up
2007,2.02,0.066,2.796,2.112,-1.387,Up
2007,0.27,2.02,0.066,2.796,2.112,Down
2007,-3.917,0.27,2.02,0.066,2.796,Up
2007,2.309,-3.917,0.27,2.02,0.066,Down
2007,-1.669,2.309,-3.917,0.27,2.02,Down
2007,-3.706,-1.669,2.309,-3.917,0.27,Up
2007,0.347,-3.706,-1.669,2.309,-3.917,Down
2007,-1.237,0.347,-3.706,-1.669,2.309,Up
2007,2.807,-1.237,0.347,-3.706,-1.669,Up
2007,1.588,2.807,-1.237,0.347,-3.706,Down
2007,-2.44,1.588,2.807,-1.237,0.347,Up
2007,1.125,-2.44,1.588,2.807,-1.237,Down
2007,-0.402,1.125,-2.44,1.588,2.807,Down
2008,-4.522,-0.402,1.125,-2.44,1.588,Down
2008,-0.752,-4.522,-0.402,1.125,-2.44,Down
2008,-5.412,-0.752,-4.522,-0.402,1.125,Up
2008,0.409,-5.412,-0.752,-4.522,-0.402,Up
2008,4.871,0.409,-5.412,-0.752,-4.522,Down
2008,-4.596,4.871,0.409,-5.412,-0.752,Up
2008,1.405,-4.596,4.871,0.409,-5.412,Up
2008,0.231,1.405,-4.596,4.871,0.409,Down
2008,-1.661,0.231,1.405,-4.596,4.871,Down
2008,-2.8,-1.661,0.231,1.405,-4.596,Down
2008,-0.404,-2.8,-1.661,0.231,1.405,Up
2008,3.212,-0.404,-2.8,-1.661,0.231,Down
2008,-1.075,3.212,-0.404,-2.8,-1.661,Up
2008,4.195,-1.075,3.212,-0.404,-2.8,Down
2008,-2.742,4.195,-1.075,3.212,-0.404,Up
2008,4.314,-2.742,4.195,-1.075,3.212,Up
2008,0.54,4.314,-2.742,4.195,-1.075,Up
2008,1.149,0.54,4.314,-2.742,4.195,Down
2008,-1.812,1.149,0.54,4.314,-2.742,Up
2008,2.67,-1.812,1.149,0.54,4.314,Down
2008,-3.467,2.67,-1.812,1.149,0.54,Up
2008,1.777,-3.467,2.67,-1.812,1.149,Down
2008,-2.835,1.777,-3.467,2.67,-1.812,Down
2008,-0.048,-2.835,1.777,-3.467,2.67,Down
2008,-3.096,-0.048,-2.835,1.777,-3.467,Down
2008,-3.001,-3.096,-0.048,-2.835,1.777,Down
2008,-1.211,-3.001,-3.096,-0.048,-2.835,Down
2008,-1.854,-1.211,-3.001,-3.096,-0.048,Up
2008,1.71,-1.854,-1.211,-3.001,-3.096,Down
2008,-0.232,1.71,-1.854,-1.211,-3.001,Up
2008,0.203,-0.232,1.71,-1.854,-1.211,Up
2008,2.857,0.203,-0.232,1.71,-1.854,Up
2008,0.145,2.857,0.203,-0.232,1.71,Down
2008,-0.462,0.145,2.857,0.203,-0.232,Down
2008,-0.725,-0.462,0.145,2.857,0.203,Down
2008,-3.159,-0.725,-0.462,0.145,2.857,Up
2008,0.756,-3.159,-0.725,-0.462,0.145,Up
2008,0.27,0.756,-3.159,-0.725,-0.462,Down
2008,-3.331,0.27,0.756,-3.159,-0.725,Down
2008,-9.399,-3.331,0.27,0.756,-3.159,Down
2008,-18.195,-9.399,-3.331,0.27,0.756,Up
2008,4.596,-18.195,-9.399,-3.331,0.27,Down
2008,-6.781,4.596,-18.195,-9.399,-3.331,Up
2008,10.491,-6.781,4.596,-18.195,-9.399,Down
2008,-3.898,10.491,-6.781,4.596,-18.195,Down
2008,-6.198,-3.898,10.491,-6.781,4.596,Down
2008,-8.389,-6.198,-3.898,10.491,-6.781,Up
2008,12.026,-8.389,-6.198,-3.898,10.491,Down
2008,-2.251,12.026,-8.389,-6.198,-3.898,Up
2008,0.418,-2.251,12.026,-8.389,-6.198,Up
2008,0.926,0.418,-2.251,12.026,-8.389,Down
2008,-1.698,0.926,0.418,-2.251,12.026,Up
2009,6.76,-1.698,0.926,0.418,-2.251,Down
2009,-4.448,6.76,-1.698,0.926,0.418,Down
2009,-4.518,-4.448,6.76,-1.698,0.926,Down
2009,-2.137,-4.518,-4.448,6.76,-1.698,Down
2009,-0.73,-2.137,-4.518,-4.448,6.76,Up
2009,5.173,-0.73,-2.137,-4.518,-4.448,Down
2009,-4.808,5.173,-0.73,-2.137,-4.518,Down
2009,-6.868,-4.808,5.173,-0.73,-2.137,Down
2009,-4.54,-6.868,-4.808,5.173,-0.73,Down
2009,-7.035,-4.54,-6.868,-4.808,5.173,Up
2009,10.707,-7.035,-4.54,-6.868,-4.808,Up
2009,1.585,10.707,-7.035,-4.54,-6.868,Up
2009,6.168,1.585,10.707,-7.035,-4.54,Up
2009,3.255,6.168,1.585,10.707,-7.035,Up
2009,1.669,3.255,6.168,1.585,10.707,Up
2009,1.522,1.669,3.255,6.168,1.585,Down
2009,-0.388,1.522,1.669,3.255,6.168,Up
2009,1.303,-0.388,1.522,1.669,3.255,Up
2009,5.893,1.303,-0.388,1.522,1.669,Down
2009,-4.988,5.893,1.303,-0.388,1.522,Up
2009,0.467,-4.988,5.893,1.303,-0.388,Up
2009,3.623,0.467,-4.988,5.893,1.303,Up
2009,2.279,3.623,0.467,-4.988,5.893,Up
2009,0.651,2.279,3.623,0.467,-4.988,Down
2009,-2.64,0.651,2.279,3.623,0.467,Down
2009,-0.253,-2.64,0.651,2.279,3.623,Down
2009,-2.446,-0.253,-2.64,0.651,2.279,Down
2009,-1.929,-2.446,-0.253,-2.64,0.651,Up
2009,6.967,-1.929,-2.446,-0.253,-2.64,Up
2009,4.134,6.967,-1.929,-2.446,-0.253,Up
2009,0.839,4.134,6.967,-1.929,-2.446,Up
2009,2.329,0.839,4.134,6.967,-1.929,Down
2009,-0.632,2.329,0.839,4.134,6.967,Up
2009,2.195,-0.632,2.329,0.839,4.134,Up
2009,0.273,2.195,-0.632,2.329,0.839,Down
2009,-1.218,0.273,2.195,-0.632,2.329,Up
2009,2.591,-1.218,0.273,2.195,-0.632,Up
2009,2.452,2.591,-1.218,0.273,2.195,Down
2009,-2.239,2.452,2.591,-1.218,0.273,Down
2009,-1.836,-2.239,2.452,2.591,-1.218,Up
2009,4.514,-1.836,-2.239,2.452,2.591,Up
2009,1.511,4.514,-1.836,-2.239,2.452,Down
2009,-0.743,1.511,4.514,-1.836,-2.239,Down
2009,-4.021,-0.743,1.511,4.514,-1.836,Up
2009,3.195,-4.021,-0.743,1.511,4.514,Up
2009,2.261,3.195,-4.021,-0.743,1.511,Down
2009,-0.192,2.261,3.195,-4.021,-0.743,Up
2009,0.01,-0.192,2.261,3.195,-4.021,Up
2009,1.328,0.01,-0.192,2.261,3.195,Up
2009,0.039,1.328,0.01,-0.192,2.261,Down
2009,-0.356,0.039,1.328,0.01,-0.192,Up
2009,2.178,-0.356,0.039,1.328,0.01,Down
2010,-1.01,2.178,-0.356,0.039,1.328,Up
2010,2.68,-1.01,2.178,-0.356,0.039,Down
2010,-0.782,2.68,-1.01,2.178,-0.356,Down
2010,-3.897,-0.782,2.68,-1.01,2.178,Down
2010,-1.639,-3.897,-0.782,2.68,-1.01,Down
2010,-0.715,-1.639,-3.897,-0.782,2.68,Up
2010,0.874,-0.715,-1.639,-3.897,-0.782,Up
2010,3.13,0.874,-0.715,-1.639,-3.897,Down
2010,-0.422,3.13,0.874,-0.715,-1.639,Up
2010,3.097,-0.422,3.13,0.874,-0.715,Up
2010,0.991,3.097,-0.422,3.13,0.874,Up
2010,0.862,0.991,3.097,-0.422,3.13,Up
2010,0.577,0.862,0.991,3.097,-0.422,Up
2010,0.987,0.577,0.862,0.991,3.097,Up
2010,1.381,0.987,0.577,0.862,0.991,Down
2010,-0.188,1.381,0.987,0.577,0.862,Up
2010,2.11,-0.188,1.381,0.987,0.577,Down
2010,-2.513,2.11,-0.188,1.381,0.987,Down
2010,-6.388,-2.513,2.11,-0.188,1.381,Up
2010,2.232,-6.388,-2.513,2.11,-0.188,Down
2010,-4.226,2.232,-6.388,-2.513,2.11,Up
2010,0.158,-4.226,2.232,-6.388,-2.513,Down
2010,-2.252,0.158,-4.226,2.232,-6.388,Up
2010,2.509,-2.252,0.158,-4.226,2.232,Up
2010,2.374,2.509,-2.252,0.158,-4.226,Down
2010,-3.646,2.374,2.509,-2.252,0.158,Down
2010,-5.032,-3.646,2.374,2.509,-2.252,Up
2010,5.416,-5.032,-3.646,2.374,2.509,Down
2010,-1.213,5.416,-5.032,-3.646,2.374,Up
2010,3.548,-1.213,5.416,-5.032,-3.646,Down
2010,-0.096,3.548,-1.213,5.416,-5.032,Up
2010,1.819,-0.096,3.548,-1.213,5.416,Down
2010,-3.779,1.819,-0.096,3.548,-1.213,Down
2010,-0.7,-3.779,1.819,-0.096,3.548,Down
2010,-0.663,-0.7,-3.779,1.819,-0.096,Up
2010,3.75,-0.663,-0.7,-3.779,1.819,Up
2010,0.456,3.75,-0.663,-0.7,-3.779,Up
2010,1.446,0.456,3.75,-0.663,-0.7,Up
2010,2.05,1.446,0.456,3.75,-0.663,Down
2010,-0.212,2.05,1.446,0.456,3.75,Up
2010,1.65,-0.212,2.05,1.446,0.456,Up
2010,0.948,1.65,-0.212,2.05,1.446,Up
2010,0.586,0.948,1.65,-0.212,2.05,Up
2010,0.015,0.586,0.948,1.65,-0.212,Up
2010,3.599,0.015,0.586,0.948,1.65,Down
2010,-2.173,3.599,0.015,0.586,0.948,Up
2010,0.043,-2.173,3.599,0.015,0.586,Down
2010,-0.861,0.043,-2.173,3.599,0.015,Up
2010,2.969,-0.861,0.043,-2.173,3.599,Up
2010,1.281,2.969,-0.861,0.043,-2.173,Up
2010,0.283,1.281,2.969,-0.861,0.043,Up
2010,1.034,0.283,1.281,2.969,-0.861,Up
